{
  "Ansi 6 Color" : {
    "Green Component" : 0.49444243311882019,
    "Red Component" : 0.36417809128761292,
    "Blue Component" : 0.099996745586395264
  },
  "Tags" : [

  ],
  "Ansi 12 Color" : {
    "Green Component" : 0.83360123634338379,
    "Red Component" : 0.38056889176368713,
    "Blue Component" : 0.7294076681137085
  },
  "Ansi 4 Color" : {
    "Green Component" : 0.60229140520095825,
    "Red Component" : 0.26809084415435791,
    "Blue Component" : 0.52468454837799072
  },
  "Normal Font" : "SourceCodePro-It 16",
  "Bold Color" : {
    "Green Component" : 0.98401087522506714,
    "Red Component" : 0.32659181952476501,
    "Blue Component" : 0.83942919969558716
  },
  "Ansi 5 Color" : {
    "Green Component" : 0.35047793388366699,
    "Red Component" : 0.001213683863170445,
    "Blue Component" : 0.61488860845565796
  },
  "Use Non-ASCII Font" : false,
  "Ansi 2 Color" : {
    "Green Component" : 0.66417461633682251,
    "Red Component" : 0.0012253891909494996,
    "Blue Component" : 0.254444420337677
  },
  "Rows" : 25,
  "Default Bookmark" : "No",
  "Cursor Guide Color" : {
    "Red Component" : 0.70214027166366577,
    "Color Space" : "sRGB",
    "Blue Component" : 1,
    "Alpha Component" : 0.25,
    "Green Component" : 0.92681378126144409
  },
  "Non-ASCII Anti Aliased" : true,
  "Use Bright Bold" : true,
  "Ansi 10 Color" : {
    "Green Component" : 0.91938275098800659,
    "Red Component" : 0.16477291285991669,
    "Blue Component" : 0.36875495314598083
  },
  "Ambiguous Double Width" : false,
  "Jobs to Ignore" : [
    "rlogin",
    "ssh",
    "slogin",
    "telnet"
  ],
  "Ansi 15 Color" : {
    "Green Component" : 0.98383623361587524,
    "Red Component" : 0.34665673971176147,
    "Blue Component" : 0.83944588899612427
  },
  "Foreground Color" : {
    "Green Component" : 0.33366119861602783,
    "Red Component" : 0.25261959433555603,
    "Blue Component" : 0.33485248684883118
  },
  "Working Directory" : "\/Users\/hyena",
  "Blinking Cursor" : false,
  "Disable Window Resizing" : true,
  "Sync Title" : false,
  "Prompt Before Closing 2" : false,
  "BM Growl" : true,
  "Command" : "",
  "Description" : "Default",
  "Mouse Reporting" : true,
  "Screen" : -1,
  "Selection Color" : {
    "Green Component" : 0.33479252457618713,
    "Red Component" : 0.25545543432235718,
    "Blue Component" : 0.33323141932487488
  },
  "Columns" : 80,
  "Idle Code" : 0,
  "Ansi 13 Color" : {
    "Green Component" : 0.59721684455871582,
    "Red Component" : 0.072408907115459442,
    "Blue Component" : 1
  },
  "Custom Command" : "No",
  "ASCII Anti Aliased" : true,
  "Non Ascii Font" : "Monaco 12",
  "Vertical Spacing" : 1,
  "Use Bold Font" : true,
  "Option Key Sends" : 0,
  "Selected Text Color" : {
    "Green Component" : 0.97864896059036255,
    "Red Component" : 0.35316696763038635,
    "Blue Component" : 0.8394431471824646
  },
  "Background Color" : {
    "Green Component" : 0.063398033380508423,
    "Red Component" : 0,
    "Blue Component" : 0.080518275499343872
  },
  "Character Encoding" : 4,
  "Ansi 11 Color" : {
    "Green Component" : 0.83122169971466064,
    "Red Component" : 0.55610543489456177,
    "Blue Component" : 0.99336498975753784
  },
  "Use Italic Font" : true,
  "Unlimited Scrollback" : false,
  "Keyboard Map" : {
    "0xf700-0x260000" : {
      "Action" : 10,
      "Text" : "[1;6A"
    },
    "0x37-0x40000" : {
      "Action" : 11,
      "Text" : "0x1f"
    },
    "0x32-0x40000" : {
      "Action" : 11,
      "Text" : "0x00"
    },
    "0xf709-0x20000" : {
      "Action" : 10,
      "Text" : "[17;2~"
    },
    "0xf70c-0x20000" : {
      "Action" : 10,
      "Text" : "[20;2~"
    },
    "0xf729-0x20000" : {
      "Action" : 10,
      "Text" : "[1;2H"
    },
    "0xf72b-0x40000" : {
      "Action" : 10,
      "Text" : "[1;5F"
    },
    "0xf705-0x20000" : {
      "Action" : 10,
      "Text" : "[1;2Q"
    },
    "0xf703-0x260000" : {
      "Action" : 10,
      "Text" : "[1;6C"
    },
    "0xf700-0x220000" : {
      "Action" : 10,
      "Text" : "[1;2A"
    },
    "0xf701-0x280000" : {
      "Action" : 11,
      "Text" : "0x1b 0x1b 0x5b 0x42"
    },
    "0x38-0x40000" : {
      "Action" : 11,
      "Text" : "0x7f"
    },
    "0x33-0x40000" : {
      "Action" : 11,
      "Text" : "0x1b"
    },
    "0xf703-0x220000" : {
      "Action" : 10,
      "Text" : "[1;2C"
    },
    "0xf701-0x240000" : {
      "Action" : 10,
      "Text" : "[1;5B"
    },
    "0xf70d-0x20000" : {
      "Action" : 10,
      "Text" : "[21;2~"
    },
    "0xf702-0x260000" : {
      "Action" : 10,
      "Text" : "[1;6D"
    },
    "0xf729-0x40000" : {
      "Action" : 10,
      "Text" : "[1;5H"
    },
    "0xf706-0x20000" : {
      "Action" : 10,
      "Text" : "[1;2R"
    },
    "0x34-0x40000" : {
      "Action" : 11,
      "Text" : "0x1c"
    },
    "0xf700-0x280000" : {
      "Action" : 11,
      "Text" : "0x1b 0x1b 0x5b 0x41"
    },
    "0x2d-0x40000" : {
      "Action" : 11,
      "Text" : "0x1f"
    },
    "0xf70e-0x20000" : {
      "Action" : 10,
      "Text" : "[23;2~"
    },
    "0xf702-0x220000" : {
      "Action" : 10,
      "Text" : "[1;2D"
    },
    "0xf703-0x280000" : {
      "Action" : 11,
      "Text" : "0x1b 0x1b 0x5b 0x43"
    },
    "0xf700-0x240000" : {
      "Action" : 10,
      "Text" : "[1;5A"
    },
    "0xf707-0x20000" : {
      "Action" : 10,
      "Text" : "[1;2S"
    },
    "0xf70a-0x20000" : {
      "Action" : 10,
      "Text" : "[18;2~"
    },
    "0x35-0x40000" : {
      "Action" : 11,
      "Text" : "0x1d"
    },
    "0xf70f-0x20000" : {
      "Action" : 10,
      "Text" : "[24;2~"
    },
    "0xf703-0x240000" : {
      "Action" : 10,
      "Text" : "[1;5C"
    },
    "0xf701-0x260000" : {
      "Action" : 10,
      "Text" : "[1;6B"
    },
    "0xf702-0x280000" : {
      "Action" : 11,
      "Text" : "0x1b 0x1b 0x5b 0x44"
    },
    "0xf72b-0x20000" : {
      "Action" : 10,
      "Text" : "[1;2F"
    },
    "0x36-0x40000" : {
      "Action" : 11,
      "Text" : "0x1e"
    },
    "0xf708-0x20000" : {
      "Action" : 10,
      "Text" : "[15;2~"
    },
    "0xf701-0x220000" : {
      "Action" : 10,
      "Text" : "[1;2B"
    },
    "0xf70b-0x20000" : {
      "Action" : 10,
      "Text" : "[19;2~"
    },
    "0xf702-0x240000" : {
      "Action" : 10,
      "Text" : "[1;5D"
    },
    "0xf704-0x20000" : {
      "Action" : 10,
      "Text" : "[1;2P"
    }
  },
  "Window Type" : 0,
  "Background Image Location" : "",
  "Blur" : false,
  "Badge Color" : {
    "Red Component" : 1,
    "Color Space" : "sRGB",
    "Blue Component" : 0,
    "Alpha Component" : 0.5,
    "Green Component" : 0.14910027384757996
  },
  "Scrollback Lines" : 1000,
  "Send Code When Idle" : false,
  "Close Sessions On End" : true,
  "Terminal Type" : "xterm-256color",
  "Visual Bell" : true,
  "Flashing Bell" : false,
  "Silence Bell" : false,
  "Ansi 14 Color" : {
    "Green Component" : 0.81537443399429321,
    "Red Component" : 0.59671914577484131,
    "Blue Component" : 0.15753474831581116
  },
  "Name" : "Default",
  "Cursor Text Color" : {
    "Green Component" : 0.079826399683952332,
    "Red Component" : 0.013667856343090534,
    "Blue Component" : 0.073570065200328827
  },
  "Shortcut" : "",
  "Cursor Color" : {
    "Green Component" : 0.98896878957748413,
    "Red Component" : 0.28830507397651672,
    "Blue Component" : 0.8389928936958313
  },
  "Transparency" : 0,
  "Guid" : "8B9B1505-7362-45F0-91F9-D25BB714EA63",
  "Custom Directory" : "No",
  "Link Color" : {
    "Red Component" : 0,
    "Color Space" : "sRGB",
    "Blue Component" : 0.73422712087631226,
    "Alpha Component" : 1,
    "Green Component" : 0.35915297269821167
  },
  "Ansi 0 Color" : {
    "Green Component" : 0.12602922320365906,
    "Red Component" : 0.0047772401012480259,
    "Blue Component" : 0.15002617239952087
  },
  "Ansi 1 Color" : {
    "Green Component" : 0.18702366948127747,
    "Red Component" : 0.69734972715377808,
    "Blue Component" : 0.17550970613956451
  },